Specialty,City,State
OS,Pullman,WA
Implantologist,Bellaire,MI
Perio,Phoenix,AZ
Perio,Marlton,NJ
OS,Newark,DE
OS,Irvine,CA
Exo,Long Beach,CA
Endo,Cleveland,OH
Endo,Salt Lake City,UT
Perio,Washington,IL
Perio,Kansas City,MO
Perio,Metairie,LA
Exo,12 PIPERS GLEN,MA
Perio,Barrington,RI
Endo,Cleveland,OH
Perio,Fairless Hills,PA
Endo,Jenkintown,PA
Perio,Akron,OH
Perio,Anthem,AZ
Exo,Los Angeles,CA
Exo,Los Angeles,CA
Ortho,Los Angeles,CA
Exo,Los Angeles,CA
Exo,Los Angeles,CA
Perio,Los Angeles,CA
Endo,Los Angeles,CA
OS,Los Angeles,CA
Perio,Los Angeles,CA
Exo,Los Angeles,CA
OS,Beverly Hills,CA
Endo,Beverly Hills,CA
OS,Beverly Hills,CA
Perio,Hils,CA
Ortho,El Segundo,CA
Perio,Pacific Palicides,CA
OS,Palos Verdes Estates,CA
Endo,Marina Del Ray,CA
GP Prostho,Marina Del Rey,CA
OS,Torrance,CA
OS,Pasadena,CA
Endo,Glendale,CA
Perio,Calabasas,CA
OS,Encino,CA
Perio,Encino,CA
Perio,Sun Valley,CA
OS,Encino,CA
Perio,Woodland Hills,CA
Implantologist,Carlsbad,CA
Perio,La Jolla,CA
Endo,San Diego,CA
Perio,San Diego,CA
Perio,San Diego,CA
Perio,Grand Terrace,CA
OS,Beverly Hills,CA
Perio,Irvine,CA
Ortho,Irvine,CA
OS,Irvine,CA
Endo,Irvine,CA
Perio,Newport Beach,CA
Perio,Laguna Niguel,CA
OS,Orange,CA
Perio,Menlo Park,CA
Ortho,Sunnyvale,CA
Perio,San Francisco,CA
OS,Fremont,CA
Perio,Napa,CA
Perio,Los Gatos,CA
OS,Roseville,CA
Perio,Roseville,CA
Ortho,Rocklin,CA
Perio,Sacramento,CA
Perio,San Francisco,CA
OS,Santa Barbara,CA
Ortho,Sunnyvale,CA
OS,Pacific Palisades,CA
Perio,Denver,CO
Perio,Marietta,GA
Perio,Roswell,GA
Perio,Morton Grove,IL
Perio,Newton,MA
Perio,Minnetonka,MN
Perio,Mankato,MN
GP Implantologist,Westfield,NJ
Endo,Philadelphia,PA
Ortho,Boerne,TX
Perio,Coppell,TX
Exo,Irving,TX
Perio,Dallas,TX
Exo,Arlington,TX
Perio,Houston,TX
Perio,Houston,TX
Perio,Houston,TX
OS,San Antonio,TX
Perio,Austin,TX
Perio,Austin,TX
GP Endo,Houston,TX
Perio,Pleasant View,UT
OS,Manassas,VA
Perio,Williamsburg,VA
Perio,Seattle,WA
Perio,Bainbridge Island,WA
Perio,Seattle,WA
Perio,East Wenatchee,WA
Perio,East Wenatchee,WA
Endo,Scottsdale,AZ
Ortho,Angeles,CA
Perio,Angeles,CA
OS,Los Angeles,CA
OS,Los Angeles,CA
OS,West Hollywood,CA
Perio,Downey,CA
OS,Gardena,CA
OS,Los Alamitos,CA
Perio,Seal Beach,CA
Perio,Long Beach,CA
Endo,Encino,CA
Endo,.Woodland Hills,CA
OS,Sherman Oaks,CA
OS,Studio City,CA
Perio,La Mesa,CA
OS,San Diego,CA
Implantologist,Rancho Mirage,CA
Ortho,Fountain Valley,CA
Perio,Fullerton,CA
OS,Los Altos,CA
OS,Menlo Park,CA
OS,Redwood City,CA
OS,San Francisco,CA
OS,San Francisco,CA
Exo,San Francisco,CA
OS,San Jose,CA
Perio,Orange,CA
Endo,Los Angeles,CA
Perio,Lakewood,CO
Perio,Stockbridge,GA
Perio,Palatine,IL
jcrperio@gmail.com,East Lansing,MI
Perio,Cherry Hill,NJ
OS,Fresh Meadows,NY
OS,Univ Heights,OH
Perio,Lakewood,OH
OS,Edmond,OK
OS,Beaverton,OR
Perio,Saylorsburg,PA
Perio,Pittsburgh,PA
OS,Frisco,TX
OS,Dallas,TX
OS,Dallas,TX
OS,Houston,TX
OS,Corpus Christi,TX
Ortho,Austin,TX
Anesthesiologist,Fort Worth,TX
Prosthodontist,Austin,TX
Perio,South Ogden,UT
Perio,Marysville,WA
OS,Glendale,AZ